period_end,air_temp,dhi,dni,ghi,wind_speed,period
2025-12-01 01:00:00+00:00,21.64,,,,0.46,PT60M
2025-12-01 02:00:00+00:00,21.29,,,,0.42,PT60M
2025-12-01 03:00:00+00:00,21.23,,,,0.46,PT60M
2025-12-01 04:00:00+00:00,21.16,,,,0.47,PT60M
2025-12-01 05:00:00+00:00,20.95,,,,0.46,PT60M
2025-12-01 06:00:00+00:00,20.78,,,,0.49,PT60M
2025-12-01 07:00:00+00:00,21.1,,,,0.4,PT60M
2025-12-01 08:00:00+00:00,22.64,,,,0.58,PT60M
2025-12-01 09:00:00+00:00,24.89,,,,0.76,PT60M
2025-12-01 10:00:00+00:00,26.57,,,,0.91,PT60M
2025-12-01 11:00:00+00:00,27.6,,,,0.97,PT60M
2025-12-01 12:00:00+00:00,28.3,,,,1.01,PT60M
2025-12-01 13:00:00+00:00,28.62,,,,0.97,PT60M
2025-12-01 14:00:00+00:00,28.72,,,,0.89,PT60M
2025-12-01 15:00:00+00:00,28.43,,,,0.71,PT60M
2025-12-01 16:00:00+00:00,27.9,,,,0.55,PT60M
2025-12-01 17:00:00+00:00,27.08,,,,0.34,PT60M
2025-12-01 18:00:00+00:00,25.98,,,,0.29,PT60M
2025-12-01 19:00:00+00:00,25.27,,,,0.46,PT60M
2025-12-01 20:00:00+00:00,24.75,,,,0.5,PT60M
2025-12-01 21:00:00+00:00,24.17,,,,0.51,PT60M
2025-12-01 22:00:00+00:00,23.69,,,,0.51,PT60M
2025-12-01 23:00:00+00:00,23.27,,,,0.52,PT60M
2025-12-02 00:00:00+00:00,22.76,,,,0.48,PT60M
2025-12-02 01:00:00+00:00,22.23,,,,0.36,PT60M
2025-12-02 02:00:00+00:00,22.28,,,,0.45,PT60M
2025-12-02 03:00:00+00:00,22.52,,,,0.62,PT60M
2025-12-02 04:00:00+00:00,22.43,,,,0.58,PT60M
2025-12-02 05:00:00+00:00,22.29,,,,0.63,PT60M
2025-12-02 06:00:00+00:00,22.18,,,,0.68,PT60M
2025-12-02 07:00:00+00:00,22.32,,,,0.71,PT60M
2025-12-02 08:00:00+00:00,23.49,,,,0.72,PT60M
2025-12-02 09:00:00+00:00,25.48,,,,0.87,PT60M
2025-12-02 10:00:00+00:00,26.96,,,,0.88,PT60M
2025-12-02 11:00:00+00:00,27.99,,,,0.82,PT60M
2025-12-02 12:00:00+00:00,28.63,,,,0.74,PT60M
2025-12-02 13:00:00+00:00,28.88,,,,0.66,PT60M
2025-12-02 14:00:00+00:00,28.71,,,,0.6,PT60M
2025-12-02 15:00:00+00:00,28.01,,,,0.51,PT60M
2025-12-02 16:00:00+00:00,27.21,,,,0.43,PT60M
2025-12-02 17:00:00+00:00,26.43,,,,0.36,PT60M
2025-12-02 18:00:00+00:00,25.65,,,,0.17,PT60M
2025-12-02 19:00:00+00:00,25.29,,,,0.05,PT60M
2025-12-02 20:00:00+00:00,24.88,,,,0.15,PT60M
2025-12-02 21:00:00+00:00,24.45,,,,0.29,PT60M
2025-12-02 22:00:00+00:00,24.1,,,,0.36,PT60M
2025-12-02 23:00:00+00:00,23.85,,,,0.42,PT60M
2025-12-03 00:00:00+00:00,23.49,,,,0.42,PT60M
2025-12-03 01:00:00+00:00,23.08,,,,0.36,PT60M
2025-12-03 02:00:00+00:00,22.78,,,,0.31,PT60M
2025-12-03 03:00:00+00:00,22.6,,,,0.31,PT60M
2025-12-03 04:00:00+00:00,22.43,,,,0.3,PT60M
2025-12-03 05:00:00+00:00,22.62,,,,0.38,PT60M
2025-12-03 06:00:00+00:00,22.95,,,,0.5,PT60M
2025-12-03 07:00:00+00:00,23.24,,,,0.38,PT60M
2025-12-03 08:00:00+00:00,24.09,,,,0.46,PT60M
2025-12-03 09:00:00+00:00,25.9,,,,0.56,PT60M
2025-12-03 10:00:00+00:00,27.29,,,,0.59,PT60M
2025-12-03 11:00:00+00:00,28.17,,,,0.58,PT60M
2025-12-03 12:00:00+00:00,28.74,,,,0.52,PT60M
2025-12-03 13:00:00+00:00,28.75,,,,0.34,PT60M
2025-12-03 14:00:00+00:00,28.42,,,,0.15,PT60M
2025-12-03 15:00:00+00:00,27.97,,,,0.2,PT60M
2025-12-03 16:00:00+00:00,27.08,,,,0.38,PT60M
2025-12-03 17:00:00+00:00,26.19,,,,0.35,PT60M
2025-12-03 18:00:00+00:00,25.44,,,,0.26,PT60M
2025-12-03 19:00:00+00:00,24.78,,,,0.21,PT60M
2025-12-03 20:00:00+00:00,24.51,,,,0.3,PT60M
2025-12-03 21:00:00+00:00,24.32,,,,0.45,PT60M
2025-12-03 22:00:00+00:00,24.16,,,,0.45,PT60M
2025-12-03 23:00:00+00:00,23.98,,,,0.47,PT60M
2025-12-04 00:00:00+00:00,23.86,,,,0.49,PT60M
2025-12-04 01:00:00+00:00,23.78,,,,0.51,PT60M
2025-12-04 02:00:00+00:00,23.65,,,,0.51,PT60M
2025-12-04 03:00:00+00:00,23.42,,,,0.51,PT60M
2025-12-04 04:00:00+00:00,23.2,,,,0.5,PT60M
2025-12-04 05:00:00+00:00,23.08,,,,0.49,PT60M
2025-12-04 06:00:00+00:00,23.02,,,,0.46,PT60M
2025-12-04 07:00:00+00:00,23.24,,,,0.33,PT60M
2025-12-04 08:00:00+00:00,24.27,,,,0.46,PT60M
2025-12-04 09:00:00+00:00,26.16,,,,0.76,PT60M
2025-12-04 10:00:00+00:00,27.4,,,,0.86,PT60M
2025-12-04 11:00:00+00:00,28.21,,,,0.89,PT60M
2025-12-04 12:00:00+00:00,28.7,,,,0.92,PT60M
2025-12-04 13:00:00+00:00,28.91,,,,0.9,PT60M
2025-12-04 14:00:00+00:00,28.69,,,,0.89,PT60M
2025-12-04 15:00:00+00:00,28.06,,,,0.94,PT60M
2025-12-04 16:00:00+00:00,27.1,,,,0.86,PT60M
2025-12-04 17:00:00+00:00,26.11,,,,0.54,PT60M
2025-12-04 18:00:00+00:00,25.11,,,,0.37,PT60M
2025-12-04 19:00:00+00:00,24.52,,,,0.4,PT60M
2025-12-04 20:00:00+00:00,24.17,,,,0.4,PT60M
2025-12-04 21:00:00+00:00,23.87,,,,0.34,PT60M
2025-12-04 22:00:00+00:00,23.55,,,,0.27,PT60M
2025-12-04 23:00:00+00:00,23.28,,,,0.31,PT60M
2025-12-05 00:00:00+00:00,23.18,,,,0.39,PT60M
2025-12-05 01:00:00+00:00,23.21,,,,0.44,PT60M
2025-12-05 02:00:00+00:00,23.14,,,,0.48,PT60M
2025-12-05 03:00:00+00:00,23.0,,,,0.48,PT60M
2025-12-05 04:00:00+00:00,22.91,,,,0.51,PT60M
2025-12-05 05:00:00+00:00,22.88,,,,0.48,PT60M
2025-12-05 06:00:00+00:00,22.89,,,,0.47,PT60M
2025-12-05 07:00:00+00:00,23.2,,,,0.4,PT60M
2025-12-05 08:00:00+00:00,24.19,,,,0.45,PT60M
2025-12-05 09:00:00+00:00,25.98,,,,0.81,PT60M
2025-12-05 10:00:00+00:00,27.17,,,,1.11,PT60M
2025-12-05 11:00:00+00:00,27.84,,,,1.32,PT60M
2025-12-05 12:00:00+00:00,28.11,,,,1.45,PT60M
2025-12-05 13:00:00+00:00,27.98,,,,1.51,PT60M
2025-12-05 14:00:00+00:00,27.45,,,,1.42,PT60M
2025-12-05 15:00:00+00:00,26.92,,,,1.16,PT60M
2025-12-05 16:00:00+00:00,26.47,,,,0.95,PT60M
2025-12-05 17:00:00+00:00,25.78,,,,0.85,PT60M
2025-12-05 18:00:00+00:00,24.92,,,,0.82,PT60M
2025-12-05 19:00:00+00:00,24.36,,,,0.7,PT60M
2025-12-05 20:00:00+00:00,23.95,,,,0.56,PT60M
2025-12-05 21:00:00+00:00,23.64,,,,0.51,PT60M
2025-12-05 22:00:00+00:00,23.39,,,,0.47,PT60M
2025-12-05 23:00:00+00:00,23.13,,,,0.44,PT60M
2025-12-06 00:00:00+00:00,22.84,,,,0.42,PT60M
2025-12-06 01:00:00+00:00,22.54,,,,0.4,PT60M
2025-12-06 02:00:00+00:00,22.26,,,,0.4,PT60M
2025-12-06 03:00:00+00:00,22.03,,,,0.41,PT60M
2025-12-06 04:00:00+00:00,21.89,,,,0.41,PT60M
2025-12-06 05:00:00+00:00,21.84,,,,0.45,PT60M
2025-12-06 06:00:00+00:00,21.91,,,,0.5,PT60M
2025-12-06 07:00:00+00:00,22.43,,,,0.42,PT60M
2025-12-06 08:00:00+00:00,24.23,,,,0.47,PT60M
2025-12-06 09:00:00+00:00,26.28,,,,0.81,PT60M
2025-12-06 10:00:00+00:00,27.32,,,,1.09,PT60M
2025-12-06 11:00:00+00:00,27.88,,,,1.2,PT60M
2025-12-06 12:00:00+00:00,28.3,,,,1.26,PT60M
2025-12-06 13:00:00+00:00,28.46,,,,1.27,PT60M
2025-12-06 14:00:00+00:00,28.33,,,,1.22,PT60M
2025-12-06 15:00:00+00:00,27.88,,,,1.12,PT60M
2025-12-06 16:00:00+00:00,27.18,,,,1.05,PT60M
2025-12-06 17:00:00+00:00,26.05,,,,0.88,PT60M
2025-12-06 18:00:00+00:00,24.86,,,,0.63,PT60M
2025-12-06 19:00:00+00:00,24.19,,,,0.56,PT60M
2025-12-06 20:00:00+00:00,23.81,,,,0.55,PT60M
2025-12-06 21:00:00+00:00,23.5,,,,0.44,PT60M
2025-12-06 22:00:00+00:00,23.18,,,,0.37,PT60M
2025-12-06 23:00:00+00:00,22.94,,,,0.38,PT60M
2025-12-07 00:00:00+00:00,22.78,,,,0.43,PT60M
2025-12-07 01:00:00+00:00,22.76,,,,0.5,PT60M
2025-12-07 02:00:00+00:00,22.66,,,,0.48,PT60M
2025-12-07 03:00:00+00:00,22.51,,,,0.45,PT60M
2025-12-07 04:00:00+00:00,22.43,,,,0.43,PT60M
2025-12-07 05:00:00+00:00,22.4,,,,0.4,PT60M
2025-12-07 06:00:00+00:00,22.37,,,,0.37,PT60M
2025-12-07 07:00:00+00:00,22.53,,,,0.31,PT60M
2025-12-07 08:00:00+00:00,23.45,,,,0.34,PT60M
2025-12-07 09:00:00+00:00,25.06,,,,0.58,PT60M
2025-12-07 10:00:00+00:00,26.21,,,,0.73,PT60M
2025-12-07 11:00:00+00:00,26.92,,,,0.91,PT60M
2025-12-07 12:00:00+00:00,27.63,,,,1.1,PT60M
2025-12-07 13:00:00+00:00,27.56,,,,1.1,PT60M
2025-12-07 14:00:00+00:00,27.29,,,,1.18,PT60M
2025-12-07 15:00:00+00:00,26.65,,,,1.02,PT60M
2025-12-07 16:00:00+00:00,26.0,,,,0.8,PT60M
2025-12-07 17:00:00+00:00,25.41,,,,0.73,PT60M
2025-12-07 18:00:00+00:00,24.74,,,,0.65,PT60M
2025-12-07 19:00:00+00:00,24.23,,,,0.63,PT60M
2025-12-07 20:00:00+00:00,23.89,,,,0.51,PT60M
2025-12-07 21:00:00+00:00,23.68,,,,0.47,PT60M
2025-12-07 22:00:00+00:00,23.54,,,,0.49,PT60M
2025-12-07 23:00:00+00:00,23.38,,,,0.51,PT60M
2025-12-08 00:00:00+00:00,23.22,,,,0.51,PT60M
2025-12-08 01:00:00+00:00,23.04,,,,0.49,PT60M
2025-12-08 02:00:00+00:00,22.88,,,,0.43,PT60M
2025-12-08 03:00:00+00:00,22.68,,,,0.41,PT60M
2025-12-08 04:00:00+00:00,22.46,,,,0.48,PT60M
2025-12-08 05:00:00+00:00,22.27,,,,0.51,PT60M
2025-12-08 06:00:00+00:00,22.18,,,,0.48,PT60M
2025-12-08 07:00:00+00:00,22.29,,,,0.41,PT60M
2025-12-08 08:00:00+00:00,23.04,,,,0.46,PT60M
2025-12-08 09:00:00+00:00,25.0,,,,0.79,PT60M
2025-12-08 10:00:00+00:00,26.45,,,,1.01,PT60M
2025-12-08 11:00:00+00:00,27.42,,,,1.2,PT60M
2025-12-08 12:00:00+00:00,28.1,,,,1.34,PT60M
2025-12-08 13:00:00+00:00,28.34,,,,1.38,PT60M
2025-12-08 14:00:00+00:00,27.94,,,,1.37,PT60M
2025-12-08 15:00:00+00:00,27.16,,,,1.26,PT60M
2025-12-08 16:00:00+00:00,26.19,,,,1.01,PT60M
2025-12-08 17:00:00+00:00,25.33,,,,0.83,PT60M
2025-12-08 18:00:00+00:00,24.63,,,,0.87,PT60M
2025-12-08 19:00:00+00:00,24.23,,,,0.73,PT60M
2025-12-08 20:00:00+00:00,24.0,,,,0.61,PT60M
2025-12-08 21:00:00+00:00,23.87,,,,0.54,PT60M
2025-12-08 22:00:00+00:00,23.78,,,,0.56,PT60M
2025-12-08 23:00:00+00:00,23.67,,,,0.63,PT60M
2025-12-09 00:00:00+00:00,23.6,,,,0.77,PT60M
2025-12-09 01:00:00+00:00,23.49,,,,0.71,PT60M
2025-12-09 02:00:00+00:00,23.37,,,,0.52,PT60M
2025-12-09 03:00:00+00:00,23.29,,,,0.4,PT60M
2025-12-09 04:00:00+00:00,23.24,,,,0.43,PT60M
2025-12-09 05:00:00+00:00,23.24,,,,0.51,PT60M
2025-12-09 06:00:00+00:00,23.28,,,,0.56,PT60M
2025-12-09 07:00:00+00:00,23.43,,,,0.57,PT60M
2025-12-09 08:00:00+00:00,23.73,,,,0.52,PT60M
2025-12-09 09:00:00+00:00,24.2,,,,0.53,PT60M
2025-12-09 10:00:00+00:00,25.1,,,,0.73,PT60M
2025-12-09 11:00:00+00:00,26.22,,,,0.88,PT60M
2025-12-09 12:00:00+00:00,26.71,,,,0.94,PT60M
2025-12-09 13:00:00+00:00,26.83,,,,1.14,PT60M
2025-12-09 14:00:00+00:00,26.5,,,,1.17,PT60M
2025-12-09 15:00:00+00:00,25.88,,,,1.12,PT60M
2025-12-09 16:00:00+00:00,25.23,,,,0.94,PT60M
2025-12-09 17:00:00+00:00,24.57,,,,0.86,PT60M
2025-12-09 18:00:00+00:00,24.06,,,,0.85,PT60M
2025-12-09 19:00:00+00:00,23.81,,,,0.79,PT60M
2025-12-09 20:00:00+00:00,23.69,,,,0.72,PT60M
2025-12-09 21:00:00+00:00,23.62,,,,0.63,PT60M
2025-12-09 22:00:00+00:00,23.57,,,,0.63,PT60M
2025-12-09 23:00:00+00:00,23.5,,,,0.67,PT60M
2025-12-10 00:00:00+00:00,23.42,,,,0.72,PT60M
2025-12-10 01:00:00+00:00,23.32,,,,0.72,PT60M
2025-12-10 02:00:00+00:00,23.23,,,,0.67,PT60M
2025-12-10 03:00:00+00:00,23.18,,,,0.64,PT60M
2025-12-10 04:00:00+00:00,23.17,,,,0.63,PT60M
2025-12-10 05:00:00+00:00,23.18,,,,0.54,PT60M
2025-12-10 06:00:00+00:00,23.2,,,,0.45,PT60M
2025-12-10 07:00:00+00:00,23.27,,,,0.47,PT60M
2025-12-10 08:00:00+00:00,23.49,,,,0.46,PT60M
2025-12-10 09:00:00+00:00,23.88,,,,0.56,PT60M
2025-12-10 10:00:00+00:00,24.6,,,,0.77,PT60M
2025-12-10 11:00:00+00:00,25.66,,,,0.98,PT60M
2025-12-10 12:00:00+00:00,26.15,,,,1.1,PT60M
2025-12-10 13:00:00+00:00,26.17,,,,1.25,PT60M
2025-12-10 14:00:00+00:00,25.44,,,,1.2,PT60M
2025-12-10 15:00:00+00:00,24.75,,,,1.07,PT60M
2025-12-10 16:00:00+00:00,24.37,,,,0.89,PT60M
2025-12-10 17:00:00+00:00,24.01,,,,0.8,PT60M
2025-12-10 18:00:00+00:00,23.73,,,,0.7,PT60M
2025-12-10 19:00:00+00:00,23.59,,,,0.59,PT60M
2025-12-10 20:00:00+00:00,23.55,,,,0.48,PT60M
2025-12-10 21:00:00+00:00,23.5,,,,0.42,PT60M
2025-12-10 22:00:00+00:00,23.41,,,,0.49,PT60M
2025-12-10 23:00:00+00:00,23.34,,,,0.56,PT60M
2025-12-11 00:00:00+00:00,23.29,,,,0.6,PT60M
2025-12-11 01:00:00+00:00,23.24,,,,0.59,PT60M
2025-12-11 02:00:00+00:00,23.19,,,,0.64,PT60M
2025-12-11 03:00:00+00:00,23.12,,,,0.67,PT60M
2025-12-11 04:00:00+00:00,23.07,,,,0.66,PT60M
2025-12-11 05:00:00+00:00,23.07,,,,0.68,PT60M
2025-12-11 06:00:00+00:00,23.06,,,,0.65,PT60M
2025-12-11 07:00:00+00:00,23.13,,,,0.59,PT60M
2025-12-11 08:00:00+00:00,23.46,,,,0.46,PT60M
2025-12-11 09:00:00+00:00,24.16,,,,0.63,PT60M
2025-12-11 10:00:00+00:00,24.93,,,,0.75,PT60M
2025-12-11 11:00:00+00:00,25.86,,,,0.96,PT60M
2025-12-11 12:00:00+00:00,26.58,,,,1.04,PT60M
2025-12-11 13:00:00+00:00,26.77,,,,1.01,PT60M
2025-12-11 14:00:00+00:00,26.35,,,,1.01,PT60M
2025-12-11 15:00:00+00:00,25.86,,,,1.15,PT60M
2025-12-11 16:00:00+00:00,25.16,,,,0.91,PT60M
2025-12-11 17:00:00+00:00,24.53,,,,0.74,PT60M
2025-12-11 18:00:00+00:00,23.98,,,,0.52,PT60M
2025-12-11 19:00:00+00:00,23.65,,,,0.38,PT60M
2025-12-11 20:00:00+00:00,23.47,,,,0.28,PT60M
2025-12-11 21:00:00+00:00,23.34,,,,0.25,PT60M
2025-12-11 22:00:00+00:00,23.14,,,,0.29,PT60M
2025-12-11 23:00:00+00:00,22.88,,,,0.3,PT60M
2025-12-12 00:00:00+00:00,22.58,,,,0.3,PT60M
2025-12-12 01:00:00+00:00,22.64,,,,0.48,PT60M
2025-12-12 02:00:00+00:00,22.75,,,,0.55,PT60M
2025-12-12 03:00:00+00:00,22.66,,,,0.42,PT60M
2025-12-12 04:00:00+00:00,22.66,,,,0.36,PT60M
2025-12-12 05:00:00+00:00,22.71,,,,0.27,PT60M
2025-12-12 06:00:00+00:00,22.68,,,,0.23,PT60M
2025-12-12 07:00:00+00:00,22.73,,,,0.25,PT60M
2025-12-12 08:00:00+00:00,23.13,,,,0.16,PT60M
2025-12-12 09:00:00+00:00,24.24,,,,0.35,PT60M
2025-12-12 10:00:00+00:00,26.12,,,,0.83,PT60M
2025-12-12 11:00:00+00:00,27.38,,,,1.06,PT60M
2025-12-12 12:00:00+00:00,27.84,,,,1.18,PT60M
2025-12-12 13:00:00+00:00,27.75,,,,1.19,PT60M
2025-12-12 14:00:00+00:00,27.39,,,,1.12,PT60M
2025-12-12 15:00:00+00:00,26.82,,,,0.93,PT60M
2025-12-12 16:00:00+00:00,26.3,,,,0.79,PT60M
2025-12-12 17:00:00+00:00,25.62,,,,0.57,PT60M
2025-12-12 18:00:00+00:00,24.64,,,,0.53,PT60M
2025-12-12 19:00:00+00:00,24.06,,,,0.64,PT60M
2025-12-12 20:00:00+00:00,23.65,,,,0.54,PT60M
2025-12-12 21:00:00+00:00,23.29,,,,0.45,PT60M
2025-12-12 22:00:00+00:00,23.01,,,,0.45,PT60M
2025-12-12 23:00:00+00:00,22.89,,,,0.6,PT60M
2025-12-13 00:00:00+00:00,22.75,,,,0.67,PT60M
2025-12-13 01:00:00+00:00,22.59,,,,0.68,PT60M
2025-12-13 02:00:00+00:00,22.45,,,,0.66,PT60M
2025-12-13 03:00:00+00:00,22.31,,,,0.59,PT60M
2025-12-13 04:00:00+00:00,22.15,,,,0.48,PT60M
2025-12-13 05:00:00+00:00,21.93,,,,0.42,PT60M
2025-12-13 06:00:00+00:00,21.83,,,,0.47,PT60M
2025-12-13 07:00:00+00:00,22.03,,,,0.46,PT60M
2025-12-13 08:00:00+00:00,22.81,,,,0.54,PT60M
2025-12-13 09:00:00+00:00,24.92,,,,0.93,PT60M
2025-12-13 10:00:00+00:00,26.29,,,,1.1,PT60M
2025-12-13 11:00:00+00:00,26.67,,,,1.15,PT60M
2025-12-13 12:00:00+00:00,26.8,,,,1.24,PT60M
2025-12-13 13:00:00+00:00,26.74,,,,1.28,PT60M
2025-12-13 14:00:00+00:00,26.64,,,,1.3,PT60M
2025-12-13 15:00:00+00:00,26.09,,,,1.29,PT60M
2025-12-13 16:00:00+00:00,25.01,,,,1.15,PT60M
2025-12-13 17:00:00+00:00,24.19,,,,1.02,PT60M
2025-12-13 18:00:00+00:00,23.57,,,,0.85,PT60M
2025-12-13 19:00:00+00:00,23.14,,,,0.68,PT60M
2025-12-13 20:00:00+00:00,22.84,,,,0.42,PT60M
2025-12-13 21:00:00+00:00,22.65,,,,0.32,PT60M
2025-12-13 22:00:00+00:00,22.55,,,,0.46,PT60M
2025-12-13 23:00:00+00:00,22.38,,,,0.53,PT60M
2025-12-14 00:00:00+00:00,22.17,,,,0.58,PT60M
2025-12-14 01:00:00+00:00,22.0,,,,0.54,PT60M
2025-12-14 02:00:00+00:00,21.88,,,,0.52,PT60M
2025-12-14 03:00:00+00:00,21.81,,,,0.57,PT60M
2025-12-14 04:00:00+00:00,21.83,,,,0.64,PT60M
2025-12-14 05:00:00+00:00,21.99,,,,0.69,PT60M
2025-12-14 06:00:00+00:00,22.01,,,,0.69,PT60M
2025-12-14 07:00:00+00:00,22.25,,,,0.79,PT60M
2025-12-14 08:00:00+00:00,23.22,,,,0.76,PT60M
2025-12-14 09:00:00+00:00,25.07,,,,1.06,PT60M
2025-12-14 10:00:00+00:00,26.01,,,,1.21,PT60M
2025-12-14 11:00:00+00:00,26.63,,,,1.31,PT60M
2025-12-14 12:00:00+00:00,26.76,,,,1.31,PT60M
2025-12-14 13:00:00+00:00,26.63,,,,1.31,PT60M
2025-12-14 14:00:00+00:00,26.35,,,,1.26,PT60M
2025-12-14 15:00:00+00:00,26.02,,,,1.17,PT60M
2025-12-14 16:00:00+00:00,25.54,,,,1.03,PT60M
2025-12-14 17:00:00+00:00,24.91,,,,0.94,PT60M
2025-12-14 18:00:00+00:00,23.83,,,,0.79,PT60M
2025-12-14 19:00:00+00:00,22.96,,,,0.68,PT60M
2025-12-14 20:00:00+00:00,22.3,,,,0.49,PT60M
2025-12-14 21:00:00+00:00,21.75,,,,0.39,PT60M
2025-12-14 22:00:00+00:00,21.39,,,,0.39,PT60M
2025-12-14 23:00:00+00:00,21.07,,,,0.41,PT60M
2025-12-15 00:00:00+00:00,20.88,,,,0.48,PT60M
2025-12-15 01:00:00+00:00,20.83,,,,0.63,PT60M
2025-12-15 02:00:00+00:00,20.71,,,,0.58,PT60M
2025-12-15 03:00:00+00:00,20.62,,,,0.58,PT60M
2025-12-15 04:00:00+00:00,20.59,,,,0.53,PT60M
2025-12-15 05:00:00+00:00,20.66,,,,0.52,PT60M
2025-12-15 06:00:00+00:00,20.85,,,,0.5,PT60M
2025-12-15 07:00:00+00:00,21.31,,,,0.58,PT60M
2025-12-15 08:00:00+00:00,22.19,,,,0.64,PT60M
2025-12-15 09:00:00+00:00,23.67,,,,0.84,PT60M
2025-12-15 10:00:00+00:00,24.99,,,,0.96,PT60M
2025-12-15 11:00:00+00:00,25.91,,,,1.02,PT60M
2025-12-15 12:00:00+00:00,26.62,,,,1.11,PT60M
2025-12-15 13:00:00+00:00,26.68,,,,1.09,PT60M
2025-12-15 14:00:00+00:00,26.4,,,,1.1,PT60M
2025-12-15 15:00:00+00:00,26.0,,,,1.08,PT60M
2025-12-15 16:00:00+00:00,25.43,,,,0.97,PT60M
2025-12-15 17:00:00+00:00,24.76,,,,0.82,PT60M
2025-12-15 18:00:00+00:00,24.23,,,,0.68,PT60M
2025-12-15 19:00:00+00:00,23.94,,,,0.57,PT60M
2025-12-15 20:00:00+00:00,23.79,,,,0.5,PT60M
2025-12-15 21:00:00+00:00,23.71,,,,0.49,PT60M
2025-12-15 22:00:00+00:00,23.64,,,,0.46,PT60M
2025-12-15 23:00:00+00:00,23.56,,,,0.47,PT60M
2025-12-16 00:00:00+00:00,23.45,,,,0.53,PT60M
2025-12-16 01:00:00+00:00,23.3,,,,0.55,PT60M
2025-12-16 02:00:00+00:00,23.17,,,,0.5,PT60M
2025-12-16 03:00:00+00:00,23.11,,,,0.45,PT60M
2025-12-16 04:00:00+00:00,23.11,,,,0.39,PT60M
2025-12-16 05:00:00+00:00,23.15,,,,0.44,PT60M
2025-12-16 06:00:00+00:00,23.14,,,,0.53,PT60M
2025-12-16 07:00:00+00:00,23.29,,,,0.68,PT60M
2025-12-16 08:00:00+00:00,23.66,,,,0.74,PT60M
2025-12-16 09:00:00+00:00,24.43,,,,0.92,PT60M
2025-12-16 10:00:00+00:00,26.25,,,,1.19,PT60M
2025-12-16 11:00:00+00:00,27.36,,,,1.3,PT60M
2025-12-16 12:00:00+00:00,27.45,,,,1.36,PT60M
2025-12-16 13:00:00+00:00,27.1,,,,1.28,PT60M
2025-12-16 14:00:00+00:00,26.54,,,,1.17,PT60M
2025-12-16 15:00:00+00:00,26.2,,,,1.11,PT60M
2025-12-16 16:00:00+00:00,25.86,,,,0.97,PT60M
2025-12-16 17:00:00+00:00,25.36,,,,0.76,PT60M
2025-12-16 18:00:00+00:00,24.67,,,,0.55,PT60M
2025-12-16 19:00:00+00:00,24.16,,,,0.43,PT60M
2025-12-16 20:00:00+00:00,23.8,,,,0.37,PT60M
2025-12-16 21:00:00+00:00,23.66,,,,0.48,PT60M
2025-12-16 22:00:00+00:00,23.65,,,,0.53,PT60M
2025-12-16 23:00:00+00:00,23.62,,,,0.5,PT60M
2025-12-17 00:00:00+00:00,23.59,,,,0.47,PT60M
2025-12-17 01:00:00+00:00,23.55,,,,0.43,PT60M
2025-12-17 02:00:00+00:00,23.52,,,,0.44,PT60M
2025-12-17 03:00:00+00:00,23.5,,,,0.46,PT60M
2025-12-17 04:00:00+00:00,23.52,,,,0.49,PT60M
2025-12-17 05:00:00+00:00,23.56,,,,0.45,PT60M
2025-12-17 06:00:00+00:00,23.59,,,,0.41,PT60M
2025-12-17 07:00:00+00:00,23.69,,,,0.43,PT60M
2025-12-17 08:00:00+00:00,23.96,,,,0.48,PT60M
2025-12-17 09:00:00+00:00,24.35,,,,0.56,PT60M
2025-12-17 10:00:00+00:00,24.79,,,,0.69,PT60M
2025-12-17 11:00:00+00:00,25.53,,,,0.91,PT60M
2025-12-17 12:00:00+00:00,26.28,,,,1.05,PT60M
2025-12-17 13:00:00+00:00,26.48,,,,1.17,PT60M
2025-12-17 14:00:00+00:00,26.52,,,,1.35,PT60M
2025-12-17 15:00:00+00:00,26.1,,,,1.29,PT60M
2025-12-17 16:00:00+00:00,25.66,,,,1.2,PT60M
2025-12-17 17:00:00+00:00,25.1,,,,1.05,PT60M
2025-12-17 18:00:00+00:00,24.52,,,,1.05,PT60M
2025-12-17 19:00:00+00:00,24.24,,,,0.98,PT60M
2025-12-17 20:00:00+00:00,24.1,,,,0.95,PT60M
2025-12-17 21:00:00+00:00,24.01,,,,0.93,PT60M
2025-12-17 22:00:00+00:00,23.91,,,,0.86,PT60M
2025-12-17 23:00:00+00:00,23.73,,,,0.86,PT60M
2025-12-18 00:00:00+00:00,23.58,,,,0.88,PT60M
2025-12-18 01:00:00+00:00,23.42,,,,0.88,PT60M
2025-12-18 02:00:00+00:00,23.26,,,,0.86,PT60M
2025-12-18 03:00:00+00:00,23.14,,,,0.81,PT60M
2025-12-18 04:00:00+00:00,23.09,,,,0.71,PT60M
2025-12-18 05:00:00+00:00,23.05,,,,0.64,PT60M
2025-12-18 06:00:00+00:00,23.04,,,,0.53,PT60M
2025-12-18 07:00:00+00:00,23.12,,,,0.55,PT60M
2025-12-18 08:00:00+00:00,23.45,,,,0.66,PT60M
2025-12-18 09:00:00+00:00,24.2,,,,0.81,PT60M
2025-12-18 10:00:00+00:00,25.26,,,,1.1,PT60M
2025-12-18 11:00:00+00:00,25.98,,,,1.31,PT60M
2025-12-18 12:00:00+00:00,26.29,,,,1.46,PT60M
2025-12-18 13:00:00+00:00,26.31,,,,1.49,PT60M
2025-12-18 14:00:00+00:00,26.24,,,,1.55,PT60M
2025-12-18 15:00:00+00:00,25.88,,,,1.5,PT60M
2025-12-18 16:00:00+00:00,25.2,,,,1.34,PT60M
2025-12-18 17:00:00+00:00,24.47,,,,1.09,PT60M
2025-12-18 18:00:00+00:00,23.81,,,,0.83,PT60M
2025-12-18 19:00:00+00:00,23.38,,,,0.61,PT60M
2025-12-18 20:00:00+00:00,23.08,,,,0.49,PT60M
2025-12-18 21:00:00+00:00,22.88,,,,0.44,PT60M
2025-12-18 22:00:00+00:00,22.74,,,,0.51,PT60M
2025-12-18 23:00:00+00:00,22.56,,,,0.62,PT60M
2025-12-19 00:00:00+00:00,22.44,,,,0.73,PT60M
2025-12-19 01:00:00+00:00,22.3,,,,0.71,PT60M
2025-12-19 02:00:00+00:00,22.19,,,,0.68,PT60M
2025-12-19 03:00:00+00:00,22.05,,,,0.66,PT60M
2025-12-19 04:00:00+00:00,21.89,,,,0.6,PT60M
2025-12-19 05:00:00+00:00,21.73,,,,0.54,PT60M
2025-12-19 06:00:00+00:00,21.65,,,,0.57,PT60M
2025-12-19 07:00:00+00:00,21.83,,,,0.62,PT60M
2025-12-19 08:00:00+00:00,23.11,,,,0.75,PT60M
2025-12-19 09:00:00+00:00,24.92,,,,1.08,PT60M
2025-12-19 10:00:00+00:00,25.86,,,,1.19,PT60M
2025-12-19 11:00:00+00:00,26.53,,,,1.27,PT60M
2025-12-19 12:00:00+00:00,26.82,,,,1.26,PT60M
2025-12-19 13:00:00+00:00,26.88,,,,1.25,PT60M
2025-12-19 14:00:00+00:00,26.82,,,,1.2,PT60M
2025-12-19 15:00:00+00:00,26.57,,,,1.12,PT60M
2025-12-19 16:00:00+00:00,26.07,,,,0.95,PT60M
2025-12-19 17:00:00+00:00,25.28,,,,0.78,PT60M
2025-12-19 18:00:00+00:00,24.14,,,,0.6,PT60M
2025-12-19 19:00:00+00:00,23.34,,,,0.51,PT60M
2025-12-19 20:00:00+00:00,22.78,,,,0.41,PT60M
2025-12-19 21:00:00+00:00,22.27,,,,0.37,PT60M
2025-12-19 22:00:00+00:00,21.85,,,,0.39,PT60M
2025-12-19 23:00:00+00:00,21.5,,,,0.42,PT60M
2025-12-20 00:00:00+00:00,21.22,,,,0.47,PT60M
2025-12-20 01:00:00+00:00,21.04,,,,0.45,PT60M
2025-12-20 02:00:00+00:00,20.98,,,,0.5,PT60M
2025-12-20 03:00:00+00:00,20.9,,,,0.6,PT60M
2025-12-20 04:00:00+00:00,20.63,,,,0.42,PT60M
2025-12-20 05:00:00+00:00,20.15,,,,0.38,PT60M
2025-12-20 06:00:00+00:00,19.96,,,,0.43,PT60M
2025-12-20 07:00:00+00:00,20.48,,,,0.53,PT60M
2025-12-20 08:00:00+00:00,22.1,,,,0.58,PT60M
2025-12-20 09:00:00+00:00,24.07,,,,0.76,PT60M
2025-12-20 10:00:00+00:00,25.34,,,,0.91,PT60M
2025-12-20 11:00:00+00:00,26.23,,,,1.03,PT60M
2025-12-20 12:00:00+00:00,26.63,,,,1.04,PT60M
2025-12-20 13:00:00+00:00,26.47,,,,0.96,PT60M
2025-12-20 14:00:00+00:00,26.07,,,,0.86,PT60M
2025-12-20 15:00:00+00:00,25.88,,,,0.88,PT60M
2025-12-20 16:00:00+00:00,25.34,,,,0.73,PT60M
2025-12-20 17:00:00+00:00,24.82,,,,0.68,PT60M
2025-12-20 18:00:00+00:00,23.98,,,,0.49,PT60M
2025-12-20 19:00:00+00:00,23.24,,,,0.43,PT60M
2025-12-20 20:00:00+00:00,22.73,,,,0.36,PT60M
2025-12-20 21:00:00+00:00,22.31,,,,0.33,PT60M
2025-12-20 22:00:00+00:00,21.99,,,,0.44,PT60M
2025-12-20 23:00:00+00:00,21.74,,,,0.57,PT60M
2025-12-21 00:00:00+00:00,21.56,,,,0.62,PT60M
2025-12-21 01:00:00+00:00,21.44,,,,0.62,PT60M
2025-12-21 02:00:00+00:00,21.32,,,,0.54,PT60M
2025-12-21 03:00:00+00:00,21.21,,,,0.49,PT60M
2025-12-21 04:00:00+00:00,21.16,,,,0.55,PT60M
2025-12-21 05:00:00+00:00,21.13,,,,0.54,PT60M
2025-12-21 06:00:00+00:00,21.07,,,,0.53,PT60M
2025-12-21 07:00:00+00:00,21.22,,,,0.48,PT60M
2025-12-21 08:00:00+00:00,22.08,,,,0.57,PT60M
2025-12-21 09:00:00+00:00,23.67,,,,0.75,PT60M
2025-12-21 10:00:00+00:00,25.3,,,,1.09,PT60M
2025-12-21 11:00:00+00:00,26.4,,,,1.26,PT60M
2025-12-21 12:00:00+00:00,26.78,,,,1.28,PT60M
2025-12-21 13:00:00+00:00,26.84,,,,1.29,PT60M
2025-12-21 14:00:00+00:00,26.67,,,,1.21,PT60M
2025-12-21 15:00:00+00:00,26.53,,,,1.15,PT60M
2025-12-21 16:00:00+00:00,26.12,,,,0.97,PT60M
2025-12-21 17:00:00+00:00,25.29,,,,0.69,PT60M
2025-12-21 18:00:00+00:00,24.01,,,,0.46,PT60M
2025-12-21 19:00:00+00:00,23.19,,,,0.44,PT60M
2025-12-21 20:00:00+00:00,22.77,,,,0.47,PT60M
2025-12-21 21:00:00+00:00,22.48,,,,0.55,PT60M
2025-12-21 22:00:00+00:00,22.22,,,,0.57,PT60M
2025-12-21 23:00:00+00:00,21.98,,,,0.57,PT60M
2025-12-22 00:00:00+00:00,21.82,,,,0.59,PT60M
2025-12-22 01:00:00+00:00,21.57,,,,0.52,PT60M
2025-12-22 02:00:00+00:00,21.2,,,,0.46,PT60M
2025-12-22 03:00:00+00:00,20.85,,,,0.41,PT60M
2025-12-22 04:00:00+00:00,20.7,,,,0.41,PT60M
2025-12-22 05:00:00+00:00,20.66,,,,0.43,PT60M
2025-12-22 06:00:00+00:00,20.61,,,,0.47,PT60M
2025-12-22 07:00:00+00:00,20.95,,,,0.53,PT60M
2025-12-22 08:00:00+00:00,22.24,,,,0.61,PT60M
2025-12-22 09:00:00+00:00,24.14,,,,0.88,PT60M
2025-12-22 10:00:00+00:00,25.45,,,,1.14,PT60M
2025-12-22 11:00:00+00:00,26.42,,,,1.28,PT60M
2025-12-22 12:00:00+00:00,27.17,,,,1.32,PT60M
2025-12-22 13:00:00+00:00,27.55,,,,1.35,PT60M
2025-12-22 14:00:00+00:00,27.52,,,,1.35,PT60M
2025-12-22 15:00:00+00:00,27.12,,,,1.26,PT60M
2025-12-22 16:00:00+00:00,26.34,,,,1.03,PT60M
2025-12-22 17:00:00+00:00,25.3,,,,0.82,PT60M
2025-12-22 18:00:00+00:00,23.89,,,,0.64,PT60M
2025-12-22 19:00:00+00:00,22.98,,,,0.62,PT60M
2025-12-22 20:00:00+00:00,22.43,,,,0.56,PT60M
2025-12-22 21:00:00+00:00,21.97,,,,0.52,PT60M
2025-12-22 22:00:00+00:00,21.56,,,,0.5,PT60M
2025-12-22 23:00:00+00:00,21.33,,,,0.49,PT60M
2025-12-23 00:00:00+00:00,21.2,,,,0.56,PT60M
2025-12-23 01:00:00+00:00,20.94,,,,0.39,PT60M
2025-12-23 02:00:00+00:00,20.75,,,,0.43,PT60M
2025-12-23 03:00:00+00:00,20.81,,,,0.53,PT60M
2025-12-23 04:00:00+00:00,20.78,,,,0.49,PT60M
2025-12-23 05:00:00+00:00,20.72,,,,0.49,PT60M
2025-12-23 06:00:00+00:00,20.66,,,,0.49,PT60M
2025-12-23 07:00:00+00:00,20.91,,,,0.47,PT60M
2025-12-23 08:00:00+00:00,21.83,,,,0.46,PT60M
2025-12-23 09:00:00+00:00,23.08,,,,0.69,PT60M
2025-12-23 10:00:00+00:00,24.22,,,,0.85,PT60M
2025-12-23 11:00:00+00:00,25.04,,,,0.92,PT60M
2025-12-23 12:00:00+00:00,25.5,,,,0.95,PT60M
2025-12-23 13:00:00+00:00,25.85,,,,1.01,PT60M
2025-12-23 14:00:00+00:00,26.2,,,,1.1,PT60M
2025-12-23 15:00:00+00:00,26.01,,,,1.02,PT60M
2025-12-23 16:00:00+00:00,25.47,,,,0.9,PT60M
2025-12-23 17:00:00+00:00,24.85,,,,0.84,PT60M
2025-12-23 18:00:00+00:00,24.2,,,,0.79,PT60M
2025-12-23 19:00:00+00:00,23.81,,,,0.74,PT60M
2025-12-23 20:00:00+00:00,23.67,,,,0.64,PT60M
2025-12-23 21:00:00+00:00,23.59,,,,0.51,PT60M
2025-12-23 22:00:00+00:00,23.54,,,,0.38,PT60M
2025-12-23 23:00:00+00:00,23.48,,,,0.39,PT60M
2025-12-24 00:00:00+00:00,23.41,,,,0.43,PT60M
2025-12-24 01:00:00+00:00,23.33,,,,0.45,PT60M
2025-12-24 02:00:00+00:00,23.22,,,,0.45,PT60M
2025-12-24 03:00:00+00:00,23.15,,,,0.47,PT60M
2025-12-24 04:00:00+00:00,23.15,,,,0.5,PT60M
2025-12-24 05:00:00+00:00,23.11,,,,0.54,PT60M
2025-12-24 06:00:00+00:00,23.05,,,,0.59,PT60M
2025-12-24 07:00:00+00:00,23.0,,,,0.65,PT60M
2025-12-24 08:00:00+00:00,23.08,,,,0.69,PT60M
2025-12-24 09:00:00+00:00,23.37,,,,0.73,PT60M
2025-12-24 10:00:00+00:00,24.22,,,,0.91,PT60M
2025-12-24 11:00:00+00:00,25.08,,,,1.07,PT60M
2025-12-24 12:00:00+00:00,25.95,,,,1.26,PT60M
2025-12-24 13:00:00+00:00,26.27,,,,1.28,PT60M
2025-12-24 14:00:00+00:00,26.32,,,,1.25,PT60M
2025-12-24 15:00:00+00:00,26.11,,,,1.14,PT60M
2025-12-24 16:00:00+00:00,25.76,,,,0.98,PT60M
2025-12-24 17:00:00+00:00,24.97,,,,0.69,PT60M
2025-12-24 18:00:00+00:00,23.52,,,,0.47,PT60M
2025-12-24 19:00:00+00:00,22.49,,,,0.43,PT60M
2025-12-24 20:00:00+00:00,21.86,,,,0.42,PT60M
2025-12-24 21:00:00+00:00,21.35,,,,0.43,PT60M
2025-12-24 22:00:00+00:00,20.85,,,,0.41,PT60M
2025-12-24 23:00:00+00:00,20.38,,,,0.39,PT60M
2025-12-25 00:00:00+00:00,20.0,,,,0.43,PT60M
2025-12-25 01:00:00+00:00,19.67,,,,0.45,PT60M
2025-12-25 02:00:00+00:00,19.3,,,,0.45,PT60M
2025-12-25 03:00:00+00:00,19.01,,,,0.42,PT60M
2025-12-25 04:00:00+00:00,18.68,,,,0.41,PT60M
2025-12-25 05:00:00+00:00,18.36,,,,0.46,PT60M
2025-12-25 06:00:00+00:00,18.36,,,,0.56,PT60M
2025-12-25 07:00:00+00:00,18.86,,,,0.45,PT60M
2025-12-25 08:00:00+00:00,20.58,,,,0.34,PT60M
2025-12-25 09:00:00+00:00,23.09,,,,0.44,PT60M
2025-12-25 10:00:00+00:00,25.34,,,,0.81,PT60M
2025-12-25 11:00:00+00:00,26.43,,,,0.9,PT60M
2025-12-25 12:00:00+00:00,27.1,,,,0.94,PT60M
2025-12-25 13:00:00+00:00,27.36,,,,0.96,PT60M
2025-12-25 14:00:00+00:00,27.43,,,,1.0,PT60M
2025-12-25 15:00:00+00:00,27.15,,,,1.01,PT60M
2025-12-25 16:00:00+00:00,26.49,,,,0.86,PT60M
2025-12-25 17:00:00+00:00,25.54,,,,0.66,PT60M
2025-12-25 18:00:00+00:00,24.08,,,,0.45,PT60M
2025-12-25 19:00:00+00:00,23.13,,,,0.52,PT60M
2025-12-25 20:00:00+00:00,22.56,,,,0.52,PT60M
2025-12-25 21:00:00+00:00,21.88,,,,0.38,PT60M
2025-12-25 22:00:00+00:00,21.32,,,,0.42,PT60M
2025-12-25 23:00:00+00:00,20.93,,,,0.51,PT60M
2025-12-26 00:00:00+00:00,20.68,,,,0.56,PT60M
